Parameter Type,Object in the model,Parameter Base Value,Distribution,Mean or Mode,Std Dev,Min,Max
HeatingSetpoint,Office_Cooling_Schedule 1 adjustedtime 0,26.7
HeatingSetpoint,Office_Cooling_Schedule 1 adjustedtime 1,26.7
HeatingSetpoint,Office_Cooling_Schedule 1 adjustedtime 2,26.7
HeatingSetpoint,Office_Cooling_Schedule 1 adjustedtime 3,26.7
HeatingSetpoint,Office_Cooling_Schedule 1 adjustedtime 4,26.7
HeatingSetpoint,Office_Cooling_Schedule 1 adjustedtime 5,26.7
HeatingSetpoint,Office_Cooling_Schedule 1 adjustedtime 6,26.7
HeatingSetpoint,Office_Cooling_Schedule 1 adjustedtime 7,26.7
HeatingSetpoint,Office_Cooling_Schedule 1 adjustedtime 8,26.7
HeatingSetpoint,Office_Cooling_Schedule 1 adjustedtime 9,26.7
HeatingSetpoint,Office_Cooling_Schedule 1 adjustedtime 10,26.7
HeatingSetpoint,Office_Cooling_Schedule 1 adjustedtime 11,26.7
HeatingSetpoint,Office_Cooling_Schedule 1 adjustedtime 12,26.7
HeatingSetpoint,Office_Cooling_Schedule 1 adjustedtime 13,26.7
HeatingSetpoint,Office_Cooling_Schedule 1 adjustedtime 14,26.7
HeatingSetpoint,Office_Cooling_Schedule 1 adjustedtime 15,26.7
HeatingSetpoint,Office_Cooling_Schedule 1 adjustedtime 16,26.7
HeatingSetpoint,Office_Cooling_Schedule 1 adjustedtime 17,26.7
HeatingSetpoint,Office_Cooling_Schedule 1 adjustedtime 18,26.7
HeatingSetpoint,Office_Cooling_Schedule 1 adjustedtime 19,26.7
HeatingSetpoint,Office_Cooling_Schedule 1 adjustedtime 20,26.7
HeatingSetpoint,Office_Cooling_Schedule 1 adjustedtime 21,26.7
HeatingSetpoint,Office_Cooling_Schedule 1 adjustedtime 22,26.7
HeatingSetpoint,Office_Cooling_Schedule 1 adjustedtime 23,26.7
HeatingSetpoint,Office_Cooling_Schedule 1 adjustedtime 0,26.7
HeatingSetpoint,Office_Cooling_Schedule 1 adjustedtime 1,26.7
HeatingSetpoint,Office_Cooling_Schedule 1 adjustedtime 2,26.7
HeatingSetpoint,Office_Cooling_Schedule 1 adjustedtime 3,26.7
HeatingSetpoint,Office_Cooling_Schedule 1 adjustedtime 4,26.7
HeatingSetpoint,Office_Cooling_Schedule 1 adjustedtime 5,25.7
HeatingSetpoint,Office_Cooling_Schedule 1 adjustedtime 6,25.0
HeatingSetpoint,Office_Cooling_Schedule 1 adjustedtime 7,24.0
HeatingSetpoint,Office_Cooling_Schedule 1 adjustedtime 8,24.0
HeatingSetpoint,Office_Cooling_Schedule 1 adjustedtime 9,24.0
HeatingSetpoint,Office_Cooling_Schedule 1 adjustedtime 10,24.0
HeatingSetpoint,Office_Cooling_Schedule 1 adjustedtime 11,24.0
HeatingSetpoint,Office_Cooling_Schedule 1 adjustedtime 12,24.0
HeatingSetpoint,Office_Cooling_Schedule 1 adjustedtime 13,24.0
HeatingSetpoint,Office_Cooling_Schedule 1 adjustedtime 14,24.0
HeatingSetpoint,Office_Cooling_Schedule 1 adjustedtime 15,24.0
HeatingSetpoint,Office_Cooling_Schedule 1 adjustedtime 16,24.0
HeatingSetpoint,Office_Cooling_Schedule 1 adjustedtime 17,26.7
HeatingSetpoint,Office_Cooling_Schedule 1 adjustedtime 18,26.7
HeatingSetpoint,Office_Cooling_Schedule 1 adjustedtime 19,26.7
HeatingSetpoint,Office_Cooling_Schedule 1 adjustedtime 20,26.7
HeatingSetpoint,Office_Cooling_Schedule 1 adjustedtime 21,26.7
HeatingSetpoint,Office_Cooling_Schedule 1 adjustedtime 22,26.7
HeatingSetpoint,Office_Cooling_Schedule 1 adjustedtime 23,26.7
